{
    "pcordic":
    {
	"i16": 
	{"n_i":[2,1,1,1],
	 "K":0.8582265202736465425914502702653408050537109375,
	 "e_i":[5.11255757e-03,5.02133687e-03,6.45005453e-04,8.11900040e-05]},
	"i24":
	{"n_i":[3,2,1,1,1,1,1],
	 "K":0.83262806798460864410316162320668809115886688232421875,
	 "e_i":[1.20632744e-03,1.11510674e-03,6.45005453e-04,8.11900040e-05,
		1.01665697e-05,1.27137952e-06,1.58939899e-07]},
	"i32":
	{"n_i":[5,3,3,1,1,1,1,1,1,1],
	 "K":0.85162519496141741992545348693965934216976165771484375,
	 "e_i":[1.07694936e-04,1.38544552e-04,3.46539301e-05,8.11900040e-05,
		1.01665697e-05,1.27137952e-06,1.58939899e-07,1.98680330e-08,
		2.48352118e-09,3.10440681e-10]},
	"i54":
	{"n_i":[8,5,5,4,3,2,1,1,1,1,1,1,1,1,1,1,1],
	 "K":0.85814796287294614618446075837709940969944000244140625,
	 "e_i":
	 [8.83412155e-07,2.61776338e-07,3.21654769e-07,1.08136154e-06,
	  6.29826568e-07,3.17705207e-07,1.58939899e-07,1.98680330e-08,
	  2.48352118e-09,3.10440681e-10,3.88051017e-11,4.85063823e-12,
	  6.06329792e-13,7.57912274e-14,9.47390427e-15,1.18423846e-15,
	  1.48030019e-16]},
	"i64":
	{"n_i":[11,7,6,5,5,3,2,1,1,1,1,1,1,1,1,1,1,1,1,1],
	 "K":0.8582265202736465425914502702653408050537109375,
	 "e_i":
	 [4.89471278e-08,2.33577591e-08,8.32361898e-08,1.27687225e-07,
	  3.37801201e-08,7.92866277e-08,3.97306093e-08,1.98680330e-08,
	  2.48352118e-09,3.10440681e-10,3.88051017e-11,4.85063823e-12,
	  6.06329792e-13,7.57912274e-14,9.47390427e-15,1.18423846e-15,
	  1.48030019e-16,1.85038582e-17,2.31303522e-18,2.89155872e-19]}
    },
    
    "fpax":
    {
	"(i16,5)":
	{"n_i":[2,1,1,1],"K":0.8579474971},
	"(i16,8)":
	{"n_i":[3,2,1,1],"K":0.8588967145},
	"(i16,11)":
	{"n_i":[5,3,2,1],"K":0.8589108377},
	"(i16,14)":
	{"n_i":[7,4,4,2],"K":0.8589110561},
	"(i16,16)":
	{"n_i":[8,5,4,3],"K":0.8589110593},
	"(i24,8)":
	{"n_i":[3,2,1,1,1,1,1],"K":0.8583466685},
	"(i24,11)":
	{"n_i":[5,3,3,1,1,1,1],"K":0.8583607763},
	"(i24,14)":
	{"n_i":[7,4,4,3,1,1,1],"K":0.8583610008},
	"(i24,17)":
	{"n_i":[8,5,5,4,2,1,1],"K":0.8583610043},
	"(i24,20)":
	{"n_i":[10,7,6,5,4,3,1],"K":0.8583610043},
	"(i24,22)":
	{"n_i":[11,7,7,6,5,4,2],"K":0.8583610043},
	"(i24,24)":
	{"n_i":[12,7,7,6,5,4,2],"K":0.8583610043},
	"(i32,11)":
	{"n_i":[5,3,3,1,1,1,1,1,1,1],"K":0.8583521811},
	"(i32,14)":
	{"n_i":[7,4,4,3,1,1,1,1,1,1],"K":0.8583524057},
	"(i32,17)":
	{"n_i":[8,5,5,4,2,1,1,1,1,1],"K":0.8583524091},
	"(i32,20)":
	{"n_i":[10,7,6,5,4,3,1,1,1,1],"K":0.8583524091},
	"(i32,23)":
	{"n_i":[12,7,8,6,6,4,3,1,1,1],"K":0.8583524091},
	"(i32,26)":
	{"n_i":[14,9,9,7,7,6,4,3,1,1],"K":0.8583524091},
	"(i32,29)":
	{"n_i":[15,10,11,8,7,7,6,4,3,1],"K":0.8583524091},
	"(i32,32)":
	{"n_i":[15,10,11,8,8,7,6,5,4,2],"K":0.8583524091}
    },

    "R_TABLE": [
	[1,5,8,10,13,14,15,16,21,22,23,25,26,28,31],
	[2,8,10,13,16,20,22,26,27,30],
	[3,11,13,15,18,22,24,26,27,30,32],
	[4,14,16,18,20,23,27,30],
	[5,17,19,21,23,25,28,32],
	[6,20,22,24,26,28,30],
	[7,23,25,27,29,31],
	[8,26,28,30,32],
	[9,29,31],
	[10,32]
    ]
}
